RECORD_ID,address_line_1,address_line_2,address_line_3,address_line_4
1000,ABU DHABI INVESTMENT AUTHORITY,211 CORNICHE STREET ABU DHABI,ABU DHABI 3600 AE,DU CAIRE TOWER CAIRO CAIRO 11371 EG
1037,BANQUE DU CAIRE SAE-CAIRO HO,6 DR MOSTAFA ABU ZAHRA STREET,BEHIND SONESTA HOTEL BANQUE,ABU DHABI ABU DHABI AE
1049,Citibank NA Abu Dhabi GM,ABU DHABI GLOBAL MARKET SQUARE,AL SILA TOWER,
1062,JAGUAR ENERGY GUATEMALA LLC,2 CALLE 05-77 NIVEL 4 EDIFICIO,ALTUM GUATEMALA CITY GUATEMALA GT,
1107,DP WORLD CALLAO SRL NUMERO,113 AVENIDA MANCO CAPAC CALLAO,EL CALLAO 07 PE,DIST NACIONAL SANTO DOM DO
1108,CAUCEDO MARINE SERVICE LTD,ZONA FRANCA MULTIMODAL CAUCEDO,SANTO DOMINGO,
1117,DA AFGHANISTAN BANK-KABUL HO,IBNI SINA WATT,KABUL KABUL AF,BOCA CHICA SANTO DOMINGO DO
1125,Caucedo Services Inc,EDIFICIO ADMINISTRATIVO PUNTA,CAUCEDO,BAGHDAD ALWIYA IQ
1150,BANK OF BAGHDAD COMPANY/PRIVATE,SHAREHOLDING BUILDING 25/27,AL-NIDAL STREET 11 BAGHDAD,
1167,BANCO CONTINENTAL SAECA-ASUNCION HO,3233 AVENIDA MARISCAL LOPEZ,ASUNCION ASUNCION 001411 PY,SANTO DOMINGO DISTRITO NACIONAL DO
1192,ZONA FRANCA MULTIMODAL CAUCEDO SA,PUNTA CAUCEDO,EDIFICIO ADMINISTRATIVO,PANAMA CITY PANAMA PA
1208,TOWERBANK INTL INC- PANAMA CITY HO,CALLE 50 Y CALLE ELVIRA MENDEZ,TOWER FINANCIAL CENTER,
1211,PASHTANY BANK-KABUL HEAD OFFICE,MUHAMMAD JAN KHAN WAT HEADQUARTERS,KABUL KABUL AF,PANAMA CITY PANAMA 0831-02604 PA
1212,BANCO LAFISE PANAMA SA,SANTA MARIA GOLF & COUNTRY CLUB,BUSINESS DISTRICT EDIFICIO LAFISE,
1233,THE CO-OPER BK OF KE LTD NAIROBI HO,CO-OPERATIVE HOUSE,HAILE SELASSIE AVE,NAIROBI NAIROBI CITY 00100 KE
1242,NESTLE GUATEMALA SA,157448 CALLE GUATEMALA CITY,GUATEMALA 01012 GT,
1264,BOGOTA DISTRITO CAPITAL - DIRECCION,DISTRITAL DE TESORERIA 25-90,CARRERA 30 NUMERO BOGOTA DISTRITO,CAPITAL DE BOGOTA 111311 CO
1277,Margin FX CBNA London,33 CANADA SQUARE,CITIGROUP CENTRE,LONDON GREATER LONDON E14 5LB GB
1285,AEROVIAS DE MEXICO SA DE CV,AV PASEO DE LA REFORMA NUMERO 243,CUAUHTEMOC MEXICO CITY 06500 MX,
1287,AUTORIDAD DEL CANAL DE PANAMA,ANCON EDIFICIO DE LA,ADMINISTRACION BALBOA PANAMA PA,
1298,BANCO DE MEXICO,2 AVENIDA 5 DE MAYO NUMERO,CUAUHTEMOC MEXICO CITY 06000 MX,
1301,Citibank Europe plc Dublin-13547,1 NORTH WALL QUAY,DUBLIN DUBLIN D01 T8Y1 IE,
1304,PRICESMART PANAMA S.A.,VIA DOMINGO DIAZ PLAZA,GOLF PARK EDIFICIO PRICESMART,PANAMA CITY PANAMA PA
1371,BANCO NACIONAL DE PANAMA,VIA ESPANA Y CALLE 55 TORRE,BANCONAL PANAMA CITY PANAMA 0801 PA,
1372,BANCO DE OCCIDENTE (PANAMA) SA,CALLE RAMON H JURADO 29TH FLOOR,TORRE A PH PACIFIC CENTER,PANAMA CITY PANAMA PA
1373,RAWBANK SA-KINSHASA HEAD OFFICE,12/66 INTERSECTION OF AVENUES,KATANGA & COLONEL LUKUSA,KINSHASA KINSHASA CD
1413,CITIBANK NA ZURICH,201 HARDSTRASSE,ZURICH ZURICH 8005 CH,
1450,FUBON BANK HONG KONG LTD,38 DESVOEUX ROAD,FUBON BANK BUILDING HONG KONG HK,
1460,BANCO DAVIVIENDA (PANAMA) SA,47 AVENIDA BALBOA Y CALLE TORRE,DAVIVIENDA PANAMA CITY PANAMA,0834-00384 PA
1465,CITIBANK NAIROBI,UPPERHILL ROAD,CITIBANK HOUSE,NAIROBI NAIROBI CITY 00100 KE
1491,BANCO LAFISE PANAMA S.A.,SANTA MARIA GOLF & COUNTRY CLUB,BUSINESS DISTRICT EDIFICIO LAFISE,PANAMA CITY PANAMA 0831-02604 PA
1532,NOMURA INTL PLC-LONDON HEAD OFFICE,1 ANGEL LANE,LONDON GREATER LONDON EC4R 3AB GB,
1537,NASSAU SWEEP,110 THOMPSON BOULEVARD,4TH FLOOR NASSAU NEW PROVIDENCE BS,
1545,UBS AG-ZURICH HEAD OFFICE,45 BAHNHOFSTRASSE,ZURICH ZURICH 8001 CH,
1570,BANCO DE BOGOTA (PANAMA) SA,CALLE AQUILINO DE LA GUARDIA Y,"CALLE 49, EDIFICIO BANCO DE BOGOTA",PANAMA CITY PANAMA PA
1578,CITIBANK QATAR DOHA,WEST BAY 9TH FLOOR QFC,TOWER 1 DOHA DOHA QA,
1583,CITIBANK NA LONDON,33 CANADA SQUARE,CITIGROUP CENTRE,LONDON GREATER LONDON E14 5LB GB
1590,DERMATE.COM DE MEXICO S DE RL DECV,161 BOULEVARD MIGUEL DE CERVANTES,SAAVEDRA NUMERO PISO 15 MIGUEL,HIDALGO CIUDAD DE MEXICO 11520 MX
1598,CITIBANK NASSAU BAHAMAS,110 THOMPSON BOULEVARD,4TH FLOOR NASSAU NEW PROVIDENCE BS,
1605,CITICORP (MEXICO) HOLDINGS LLC,850 CALLE MORAS NUMERO,BENITO JUAREZ CIUDAD DE MEXICO,03240 MX
1693,CONSUMER BANK LONDON,33 CANADA SQUARE,CITIGROUP CENTRE,LONDON GREATER LONDON E14 5LB GB
1709,BNP PARIBAS LONDON,10 HAREWOOD AVENUE,LONDON GREATER LONDON NW1 6AA GB,
1724,GLOBALWAFERS SINGAPORE PTE LIMITED,9 STRAITS VIEW #06 07 MARINA ONE,WEST TOWER SINGAPORE CENTRAL,SINGAPORE 018937 SG
1739,MORGAN STANLEY LONDON,25 CABOT SQUARE,LONDON GREATER LONDON E14 4QA GB,
1746,EMIRATES NBD PJSC-DUBAI HEADOFFICE,BANIYAS ROAD DUBAI DUBAI AE,,
1772,CITIBANK NA-NASSAU BRANCH,(BU 10421) 110 THOMPSON,BOULEVARD 4TH FLOOR NASSAU,NEW PROVIDENCE BS
1843,SCOTIABANK URUGUAY SA-MONTEVIDEO HO,1399 MISIONES,MONTEVIDEO MONTEVIDEO 11000 UY,
1847,GLOBAL BANK CORP-PANAMA CITY HO,SANTA MARIA BUSINESS DISTRICT,TORRE GLOBAL BANK,PANAMA CITY PANAMA 55-1843 PA
1848,BLOM BANK SAL-BEIRUT HEAD OFFICE,RACHID KARAMI STREET,BLOM BUILDING,BEIRUT BEIRUT 11072050 LB
1861,JSC BANK OF GEORGIA-TBILISI HO,29A GAGARINI STREET,TBILISI TBILISI 0160 GE,
1886,GRUPO ENERGIA BOGOTA SA,ESP 73-44 CARRERA 9 PISO 6 BOGOTA,DISTRITO CAPITAL DE BOGOTA CO,
1979,BARCLAYS BANK PLC LONDON,1 CHURCHILL PLACE,LONDON GREATER LONDON E14 5HP GB,
2002,BANCO SANTANDER INTL MIAMI,1401 BRICKELL AVENUE,MIAMI FL 33131-3009 US,
2028,UNISYS DE MEXICO SA DE CV,243 AVENIDA PASEO DE LA REFORMA,NUMERO PISO 10 CUAUHTEMOC,MEXICO CITY 06500 MX
2043,PBG WESTERN HEMISPHERE NASSAU,110 THOMPSON BOULEVARD 4TH FLOOR,NASSAU NEW PROVIDENCE BS,
2051,BQ LIBANO FRANCIAISE SAL-BEIRUT HO,6 ROME STREET,BEIRUT LIBERTY PLAZA BUILDING,BEIRUT BEIRUT LB
2056,CITIBANK NA (SYDNEY),2 PARK STREET,CITIGROUP CENTRE,SYDNEY NEW SOUTH WALES 2000 AU
2147,EATON INDUSTRIES (CANADA),STEWART MCKELVEY STIRLINGS SCA,"STE 800, 1959 UPPER WATER ST",HALIFAX NS B3J 3N2 CANADA
2152,NATIONAL BANK OF CANADA,600 RUE DE LA GAUCHETIERE OUES,SUITE 610,MONTREAL QC H3B 4L3 CANADA
2154,NAT BANK OF CANADA SECURITIES DEPT.,150 YORK STREET,T450,TORONTO ON CANADA
2159,CBK NA BR SINGAPORE,ATTN HEAD CONTROL AND COMPLIAN,3 CHANGI BUS PARK 07 00,SINGAPORE 486026 SINGAPORE
2164,CITIBANK LONDON,CITIBANK HOUSE,336 STRAND,LONDON WC2R 1HB UK
2170,CITIBANK NASSAU THOMPSON BOULEVARD,THOMPSON BOULEVARD,P O BOX N8158,NASSAU BAHAMAS
2173,BROOKFIELD BRP HOLDINGS CANADA INC,"1700 , 180 KENT STREET",OTTAWA,ON K1P 0B6 CANADA
2178,SCHNEIDER ELECTRIC CANADA INC,5985 MCLAUGHIN ROAD,Mississauga Ontario,L3R 1B8 CANADA
2179,MERSEN CANADA DN LTD,225 BOULEVARD HARWOOD,VAUDREUIL - DORION,QC J7V 1Y3 CANADA
2180,CITI CANADA TECHNOLOGY SERVICES ULC,"855 2ND STREET SW, SUITE 3500","CALGARY, ALBERTA",T2P 4J8 CANADA
2195,DIVN 348 CANADA HYBRIDS FUNDS,123 FRONT ST WEST,CITIBANK PLACE,TORONTO ON M5J 2M3 CANADA
2196,ASIA PAC-EQT-BTB CITIBANK CANADA,123 FRONT ST WEST,TORONTO ON M5J 2M3 CANADA,
2215,WIPRO TECHNOLOGIES CANADA LTD,5090 EXPLORER DRIVE,SUITE 800,MISSISSAUGA ON L4W 4T9 CANADA
2216,APACHE CANADA FINANCE LP,421 7TH AVENUE SW,SUITE 2800,CALGARY AB T2P 4K9 CANADA
2218,APACHE FINANCE CANADA CORP,421 7TH AVENUE SW,SUITE 2800,CALGARY AB T2P 4K9 CANADA
2225,CITICORP INVESTMENT BK (SINGAPORE),29-01 UIC BUILDING,5 SHENTON WAY,SINGAPORE 0106 SINGAPORE
2226,CITIBANK N.A. TAIPEI BRANCH,742 MIN SHENG EAST RD.,TAIPEI,TAIWAN
2232,WIPRO SOLUTIONS CANADA LIMITED,5090 EXPLORER DRIVE,SUITE 800,MISSISSAUGA ON L4W 4T9 CANADA
2233,LAFARGE CANADA INC,6509 AIRPORT ROAD,LEAGAL DEPARTMENT,MISSISSAUGA ON L4V 1S7 CANADA
2234,MOBIS PARTS CANADA CORPORATION,10 MOBIS DR.,MARKHAM,ON L6C 0Y3 CANADA
2235,KRAFT HEINZ CANADA ULC,96 MOATFIELD DRIVE SUITE 316,"NORTH YORK, ONTARIO",M3B 3L6 CANADA
2237,BANK OF MONTREAL INTL BANKI,C/O 129 ST. JACQUES OUEST,11/F CONFIRMATIONS,MONTREAL QC H2Y 1L6 CANADA
2243,CGM AUSTRALIA PTY LTD,GPO BOX 557,SYDNEY NSW 2001 AUSTRALIA,
2247,CITIBANK NA SINGAPORE BRANCH,"UIC BUILDING, 5 SHENTON WAY",P.O.BOX 444,SINGAPORE 068808
2250,CITIBANK CANADA CITIBANK PLACE,123 FRONT ST WEST STE 1900,TORONTO ON M5J 2M3 CANADA,TORONTO ON M5J 2M3 CANADA
2253,CITIBANK CANADA ELIMINATION VEHICLE,"SUITE 1900, CITIBANK PLACE",123 FRONT ST WEST,CENTRAL HONG KONG
2256,CITIBANK N.A. HONG KONG,G.P.O.BOX 14,,CENTRAL HONG KONG
2259,BELDEN CANADA INC,130 WILLMOTT STREET,COBOURG,ON K9A 4M3 CANADA
2260,NESTE CANADA INC,10 BAY STREET,SUITE 320,TORONTO ON M5J 2R8 CANADA
2263,UNILEVER CANADA INC,160 BLOOR STREET EAST,SUITE 1400,TORONTO ON M4W 3R2 CANADA
2273,ENEL GREEN POWER CANADA INC,1110-1255 ROBERT-BOURASSA BLVD,MONTREAL,QC H3B 3W9 CANADA
2275,VOITH CANADA INC.,240 LOTTRIDGE STREET,HAMILTON,ON L8L 7T8 CANADA
2276,ROCKWELL COLLINS CANADA INC,30 EDGEWATER DRIVE,KANATA,OTTAWA ON K2L 1V8 CANADA
2277,MICHELIN NORTH AMERICA(CANADA) INC,3020 AV JACQUES-BUREAU,LAVAL,QC H7P 6G2 CANADA
2290,COLGATE-PALMOLIVE CANADA INC,2 MORNEAU SOBECO CENTRE,"895 DON MILLS ROAD, 6TH FL",TORONTO ON M3C 1W3 CANADA
2291,ARKEMA CANADA INCORPORATED,655 ALPHONSE DESHAIES BLVD,BECANCOUR,QC G9H 2Y8 CANADA
2294,BELL CANADA,1000 RUE DE LA GAUCHETIERE OUEST,"SUITE 3700, MONTREAL QUEBEC",H3B 4Y7 CANADA
2295,BANK OF MONTREAL,129 ST. JAMES STREET WEST,MONTREAL,QC H3C 3B1 CANADA
2306,CITIBANK NA ZURICH BRANCH,SEESTRASSE 25,P.O. BOX 5081,ZURICH 8022 SWITZERLAND
2307,CITIBANK NA SYDNEY,G.P.O. BOX 5343,SYDNEY NSW 2001 AUSTRALIA,
2310,CITIBANK NA LONDON-CHF,CITIBANK HOUSE,336 STRAND,LONDON WC2R 1HB GREAT BRITAIN
2312,FERRERO CANADA LTD LIMITED,"100 SHEPPARD AV.EAST,SUITE 900",NORTH YORK,ON M2N 6N5 CANADA
2320,CITIBANK HONG KONG TTS MMTD CALL AC,3 GARDEN ROAD,CHAMPION TOWER,HONG KONG 0 HK
2324,BANK OF BEIRUT SAL,FOCH STREET,BANK OF BEIRUT SAL BUILDING,BEIRUT BEIRUT LB
2349,CITIBANK DUBAI DIFC,DIFC GATE VILLAGE,PRECINCT TOWER 2,DUBAI DUBAI AE
2391,REED & MACKAY CANADA INC,/200,34 BRITAIN STREET,"TORONTO, ONTARIO, CANADA M5A 1R6"
2393,WIKOV GEAR CANADA INC,300 HOLIDAY INN DRIVE,"CAMBRIDGE, ONTARIO, CANADA",N3C 1Z4
2395,13029310 CANADA INC,SUITE 7900 100 KEELE STREET,"Concord, Ontario, Canada",L4K 2A3
2403,EVERWIND TERMINALS CANADA LTD,4090 INDUSTRIAL PARK ROAD,"POINT TUPPER, Nova Scotia",CANADA B9A 1Z5
2404,NATIONAL BANK OF CANADA-MONTREAL,600 DE LA GAUCHETIERE STREET W,4TH FLOOR,"MONTREAL, QUEBEC, CANADA, H3B 4L2"
2406,PLP CANADA LTD,1600 46th AVENUE,"LACHINE, QUEBEC, CANADA",H8T 3J9
2417,1752889 CANADA INC,3400 RUE DE L'ECLIPSE,SUITE 700,"BROSSARD, QUEBEC, CANADA J4Z 0P3"
2418,4300769 CANADA INC,"CLOCKWISE FASHIONS, SUITE 400 820","RUE DESLAURIERS, VILLE ST LAURENT",QUEBEC CANADA H4N 1X1
2427,THERMON CANADA INC.,"CALGARY, ALBERTA, CANADA",1806 CENTRE AVENUE NORTHEAST,T2E 0A6
2435,T and B CABLE TRAY CANADA LTD,800 HYMUS BOULEVARD,St Laurent QC H4S0B5,Canada
2439,LEASEWEB CANADA INC,PORTE 500,"14 PLACE DU COMMERCE, VERDUN","MONTREAL, QUEBEC, CANADA H3E1T5"
2451,Crisil Canada Incorporated,"Suite 4400, 181 Bay Street, Toronto",M5J 2T3,"Canada, Ontario"
2453,Great Eagle Hotels Canada Ltd,33 GERRARD STREET WEST,Canada ON Toronto M5G 1Z4,
