RECORD_ID,combined_address_group_15,expected_town,expected_country,town_exists,country_exists,town_probability,country_probability,town_weight,country_weight,composite_weighted_score,scenario,town_exists_ok,country_exists_ok,cross_entropy,combined_address_retracted,combined_address_retracted_comments
CA0000000318,1 LINCOLN STREET BOSTON MA 02111 US,BOSTON,US,True,True,0.99,0.99,1.00,1.00,0.9801,both_explicit,True,True,0.010050,1 LINCOLN STREET MA 02111,Retracted Town=BOSTON and Country=US from verified explicit address evidence.
CA0000000694,441-445 JIRON SANTA ROSA LIMA METRO MUNIC OF LIMA 15001,LIMA,PE,True,False,0.98,0.95,0.75,0.50,0.349125,town_explicit_country_inferred,True,,0.020203,441-445 JIRON SANTA ROSA METRO MUNIC OF 15001,Retracted Town=LIMA. Country was not explicitly verified in the input so it was retained only as a prediction.
CA0000000863,,NO_TOWN,NO_COUNTRY,False,False,0.00,0.00,0.00,0.00,0.000000,null_skip,,,,,
CA0000001345,388 GREENWICH STREET NEW YORK NY 10013-2632 US,NEW YORK,US,True,True,0.99,0.99,1.00,1.00,0.9801,both_explicit,,True,0.010050,388 GREENWICH STREET NY 10013-2632,Retracted Town=NEW YORK and Country=US from verified explicit address evidence.
CA0000001702,25A CASTLE ROAD AMBASSADORIAL AREA ACCRA GREATER ACCRA GH,ACCRA,GH,True,True,0.99,0.99,1.00,1.00,0.9801,both_explicit,True,True,0.010050,25A CASTLE ROAD AMBASSADORIAL AREA GREATER,Retracted Town=ACCRA and Country=GH from verified explicit address evidence.
CA0000001855,23 CUSTOMS STREET EAST LEVEL 11 CITIGROUP CENTRE AUCKLAND AUCKLAND 1140 NZ,AUCKLAND,NZ,True,True,0.99,0.99,1.00,1.00,0.9801,both_explicit,True,True,0.010050,23 CUSTOMS STREET EAST LEVEL 11 CITIGROUP CENTRE 1140,Retracted Town=AUCKLAND and Country=NZ from verified explicit address evidence.
CA0000002679,AERONAUTICA,NO_TOWN,NO_COUNTRY,False,False,0.00,0.00,0.00,0.00,0.000000,anti_substring_test,,,,AERONAUTICA,No retraction: neither predicted Town nor Country was explicitly verified in the source address.
CA0000005849,TAIPEI HEAD OFFICE,TAIPEI,TW,True,False,0.98,0.95,0.75,0.50,0.349125,town_explicit_country_inferred,True,True,0.035938,HEAD OFFICE,Retracted Town=TAIPEI. Country was not explicitly verified in the input so it was retained only as a prediction.
AMBIGUOUS_TEST,CONTROLLED MULTI COUNTRY FIXTURE,EXAMPLE_TOWN,"CA,US",True,False,0.98,0.00,0.50,0.00,0.000000,town_explicit_country_ambiguous,,,,,
